time,Temperature (°C),Humidity (%),Wind Speed (m/s)
2025-11-04 00:00:00,28.2,80,18.0
2025-11-04 01:00:00,28.1,79,16.4
2025-11-04 02:00:00,28.0,79,15.6
2025-11-04 03:00:00,27.7,82,14.3
2025-11-04 04:00:00,27.4,84,14.5
2025-11-04 05:00:00,27.3,86,19.9
2025-11-04 06:00:00,27.2,85,23.4
2025-11-04 07:00:00,27.2,83,24.3
2025-11-04 08:00:00,27.1,83,23.0
2025-11-04 09:00:00,27.6,80,22.0
2025-11-04 10:00:00,28.1,76,23.4
2025-11-04 11:00:00,28.3,74,24.8
2025-11-04 12:00:00,28.3,74,27.2
2025-11-04 13:00:00,28.2,75,30.3
2025-11-04 14:00:00,27.8,79,31.3
2025-11-04 15:00:00,28.5,72,30.9
2025-11-04 16:00:00,28.4,73,30.2
2025-11-04 17:00:00,27.8,79,31.3
2025-11-04 18:00:00,27.8,78,31.6
2025-11-04 19:00:00,27.7,78,30.8
2025-11-04 20:00:00,27.7,79,27.2
2025-11-04 21:00:00,27.8,78,25.9
2025-11-04 22:00:00,27.3,80,28.1
2025-11-04 23:00:00,26.8,83,25.9
2025-11-05 00:00:00,26.5,85,23.8
2025-11-05 01:00:00,26.4,86,22.1
2025-11-05 02:00:00,26.3,86,20.6
2025-11-05 03:00:00,26.2,87,20.6
2025-11-05 04:00:00,26.1,88,20.6
2025-11-05 05:00:00,26.2,88,20.6
2025-11-05 06:00:00,26.2,88,20.7
2025-11-05 07:00:00,26.3,88,20.3
2025-11-05 08:00:00,26.4,88,20.2
2025-11-05 09:00:00,26.6,86,21.6
2025-11-05 10:00:00,26.8,85,21.9
2025-11-05 11:00:00,26.8,86,23.2
2025-11-05 12:00:00,26.8,85,26.1
2025-11-05 13:00:00,26.9,85,27.9
2025-11-05 14:00:00,27.0,85,29.5
2025-11-05 15:00:00,27.2,83,30.6
2025-11-05 16:00:00,27.2,83,29.8
2025-11-05 17:00:00,27.2,84,29.6
2025-11-05 18:00:00,27.2,84,27.5
2025-11-05 19:00:00,27.3,84,27.5
2025-11-05 20:00:00,27.3,84,25.8
2025-11-05 21:00:00,27.1,84,26.8
2025-11-05 22:00:00,27.0,86,26.0
2025-11-05 23:00:00,26.9,86,23.2
2025-11-06 00:00:00,26.8,86,23.2
2025-11-06 01:00:00,26.7,86,21.7
2025-11-06 02:00:00,26.6,86,20.4
2025-11-06 03:00:00,26.6,86,21.1
2025-11-06 04:00:00,26.6,86,22.8
2025-11-06 05:00:00,26.5,86,22.2
2025-11-06 06:00:00,26.5,86,21.6
2025-11-06 07:00:00,26.5,87,21.3
2025-11-06 08:00:00,26.5,87,20.3
2025-11-06 09:00:00,26.6,86,19.9
2025-11-06 10:00:00,26.8,85,21.3
2025-11-06 11:00:00,27.0,83,23.2
2025-11-06 12:00:00,26.9,86,24.1
2025-11-06 13:00:00,27.0,85,25.1
2025-11-06 14:00:00,27.1,84,27.1
2025-11-06 15:00:00,27.2,83,27.3
2025-11-06 16:00:00,27.3,82,26.6
2025-11-06 17:00:00,27.3,82,23.5
2025-11-06 18:00:00,27.4,83,22.4
2025-11-06 19:00:00,27.3,83,21.1
2025-11-06 20:00:00,27.3,83,20.7
2025-11-06 21:00:00,27.2,83,19.6
2025-11-06 22:00:00,27.0,83,19.9
2025-11-06 23:00:00,27.0,84,19.7
2025-11-07 00:00:00,26.9,84,20.6
2025-11-07 01:00:00,26.8,84,20.6
2025-11-07 02:00:00,26.7,85,21.4
2025-11-07 03:00:00,26.7,85,21.2
2025-11-07 04:00:00,26.6,86,21.4
2025-11-07 05:00:00,26.6,85,21.3
2025-11-07 06:00:00,26.6,85,20.1
2025-11-07 07:00:00,26.5,86,18.5
2025-11-07 08:00:00,26.7,85,17.3
2025-11-07 09:00:00,26.9,84,16.8
2025-11-07 10:00:00,27.2,82,15.7
2025-11-07 11:00:00,27.3,82,16.1
2025-11-07 12:00:00,27.3,82,18.1
2025-11-07 13:00:00,27.4,82,21.1
2025-11-07 14:00:00,27.4,82,23.5
2025-11-07 15:00:00,27.5,82,24.5
2025-11-07 16:00:00,27.7,81,24.5
2025-11-07 17:00:00,27.8,81,24.2
2025-11-07 18:00:00,27.9,81,22.8
2025-11-07 19:00:00,27.9,81,20.9
2025-11-07 20:00:00,27.9,81,19.1
2025-11-07 21:00:00,27.7,81,17.6
2025-11-07 22:00:00,27.5,82,16.7
2025-11-07 23:00:00,27.3,82,16.6
2025-11-08 00:00:00,27.1,82,16.6
2025-11-08 01:00:00,27.0,83,16.6
2025-11-08 02:00:00,26.8,83,16.6
2025-11-08 03:00:00,26.7,83,16.9
2025-11-08 04:00:00,26.7,84,17.6
2025-11-08 05:00:00,26.6,84,18.4
2025-11-08 06:00:00,26.6,84,19.1
2025-11-08 07:00:00,26.6,84,20.2
2025-11-08 08:00:00,26.7,84,20.8
2025-11-08 09:00:00,27.0,83,20.8
2025-11-08 10:00:00,27.3,81,21.1
2025-11-08 11:00:00,27.6,79,22.0
2025-11-08 12:00:00,27.8,77,23.7
2025-11-08 13:00:00,28.0,75,25.2
2025-11-08 14:00:00,28.2,74,26.5
2025-11-08 15:00:00,28.3,73,27.3
2025-11-08 16:00:00,28.4,74,27.3
2025-11-08 17:00:00,28.5,74,26.5
2025-11-08 18:00:00,28.5,75,23.7
2025-11-08 19:00:00,28.4,77,20.7
2025-11-08 20:00:00,28.3,78,19.1
2025-11-08 21:00:00,28.1,79,18.8
2025-11-08 22:00:00,27.8,81,19.0
2025-11-08 23:00:00,27.5,82,19.2
2025-11-09 00:00:00,27.3,84,19.8
2025-11-09 01:00:00,27.0,85,20.4
2025-11-09 02:00:00,26.8,86,20.7
2025-11-09 03:00:00,26.7,86,20.3
2025-11-09 04:00:00,26.7,86,19.6
2025-11-09 05:00:00,26.7,85,18.9
2025-11-09 06:00:00,26.7,85,19.4
2025-11-09 07:00:00,26.7,84,20.1
2025-11-09 08:00:00,26.8,84,20.6
2025-11-09 09:00:00,27.0,83,20.6
2025-11-09 10:00:00,27.1,83,20.4
2025-11-09 11:00:00,27.3,82,21.1
2025-11-09 12:00:00,27.4,82,23.1
2025-11-09 13:00:00,27.5,81,25.4
2025-11-09 14:00:00,27.6,81,26.7
2025-11-09 15:00:00,27.7,80,26.0
2025-11-09 16:00:00,27.7,79,23.8
2025-11-09 17:00:00,27.7,79,21.8
2025-11-09 18:00:00,27.7,79,20.2
2025-11-09 19:00:00,27.7,79,19.1
2025-11-09 20:00:00,27.6,80,18.4
2025-11-09 21:00:00,27.4,81,17.5
2025-11-09 22:00:00,27.2,81,16.2
2025-11-09 23:00:00,27.1,82,15.4
2025-11-10 00:00:00,27.0,82,15.5
2025-11-10 01:00:00,27.0,82,15.9
2025-11-10 02:00:00,27.0,82,16.4
2025-11-10 03:00:00,26.8,83,17.3
2025-11-10 04:00:00,26.6,84,18.3
2025-11-10 05:00:00,26.4,85,18.9
2025-11-10 06:00:00,26.3,86,19.0
2025-11-10 07:00:00,26.2,86,18.9
2025-11-10 08:00:00,26.3,86,18.3
2025-11-10 09:00:00,26.4,86,16.9
2025-11-10 10:00:00,26.7,85,16.0
2025-11-10 11:00:00,26.9,84,16.3
2025-11-10 12:00:00,27.1,83,18.2
2025-11-10 13:00:00,27.2,82,21.0
2025-11-10 14:00:00,27.4,81,22.5
2025-11-10 15:00:00,27.7,79,23.0
2025-11-10 16:00:00,27.9,78,22.7
2025-11-10 17:00:00,28.0,77,21.9
2025-11-10 18:00:00,27.8,78,20.5
2025-11-10 19:00:00,27.5,80,19.0
2025-11-10 20:00:00,27.2,81,18.7
2025-11-10 21:00:00,27.1,81,18.3
2025-11-10 22:00:00,27.0,82,17.7
2025-11-10 23:00:00,26.9,82,17.3
